{"cameraMode":{"drawMode":0,"name":"Shaded","section":"Shading Mode"},"sceneLighting":true,"audioPlay":false,"sceneViewState":{"m_AlwaysRefresh":false,"showFog":true,"showSkybox":true,"showFlares":true,"showImageEffects":true,"showParticleSystems":true,"showVisualEffectGraphs":true,"m_FxEnabled":true},"in2DMode":false,"pivot":{"x":39.00578308105469,"y":55.16061019897461,"z":78.83966064453125},"rotation":{"x":0.23297053575515748,"y":0.12070775032043457,"z":-0.029155798256397249,"w":0.9645240306854248},"size":115.50370788574219,"orthographic":false}