{"cameraMode":{"drawMode":0,"name":"Shaded","section":"Shading Mode"},"sceneLighting":true,"audioPlay":false,"sceneViewState":{"m_AlwaysRefresh":false,"showFog":true,"showSkybox":true,"showFlares":true,"showImageEffects":true,"showParticleSystems":true,"showVisualEffectGraphs":true,"m_FxEnabled":true},"in2DMode":false,"pivot":{"x":-3737.32861328125,"y":-16.92828369140625,"z":-1176.0396728515625},"rotation":{"x":0.23183898627758027,"y":-0.016049595549702646,"z":0.0038256864063441755,"w":0.9726147651672363},"size":283.354248046875,"orthographic":false}