{"cameraMode":{"drawMode":0,"name":"Shaded","section":"Shading Mode"},"sceneLighting":true,"audioPlay":false,"sceneViewState":{"m_AlwaysRefresh":false,"showFog":true,"showSkybox":true,"showFlares":true,"showImageEffects":true,"showParticleSystems":true,"showVisualEffectGraphs":true,"m_FxEnabled":true},"in2DMode":false,"pivot":{"x":-1.2033779621124268,"y":0.05571341514587402,"z":-21.064781188964845},"rotation":{"x":0.23297053575515748,"y":0.12070775032043457,"z":-0.029155798256397249,"w":0.9645240306854248},"size":1.5277965068817139,"orthographic":false}