{"cameraMode":{"drawMode":0,"name":"Shaded","section":"Shading Mode"},"sceneLighting":true,"audioPlay":false,"sceneViewState":{"m_AlwaysRefresh":false,"showFog":true,"showSkybox":true,"showFlares":true,"showImageEffects":true,"showParticleSystems":true,"showVisualEffectGraphs":true,"m_FxEnabled":true},"in2DMode":false,"pivot":{"x":231.31448364257813,"y":588.3952026367188,"z":326.03924560546877},"rotation":{"x":0.07792054116725922,"y":0.002991017885506153,"z":-0.0002338245540158823,"w":0.9969547390937805},"size":0.8660253882408142,"orthographic":false}