{"cameraMode":{"drawMode":0,"name":"Shaded","section":"Shading Mode"},"sceneLighting":true,"audioPlay":false,"sceneViewState":{"m_AlwaysRefresh":false,"showFog":true,"showSkybox":true,"showFlares":true,"showImageEffects":true,"showParticleSystems":true,"showVisualEffectGraphs":true,"m_FxEnabled":true},"in2DMode":false,"pivot":{"x":42.803104400634769,"y":10.674022674560547,"z":113.64468383789063},"rotation":{"x":0.23183898627758027,"y":-0.016049595549702646,"z":0.0038256864063441755,"w":0.9726147651672363},"size":38.04625701904297,"orthographic":false}